<?xml version="1.0" encoding="UTF-8"?>
<project-private xmlns="http://www.netbeans.org/ns/project-private/1">
    <editor-bookmarks xmlns="http://www.netbeans.org/ns/editor-bookmarks/2" lastBookmarkId="0"/>
    <open-files xmlns="http://www.netbeans.org/ns/projectui-open-files/2">
        <group>
            <file>file:/home/niraj/Desktop/NetBeansProjects/JavaApplication/src/javaapplication/Corona.java</file>
            <file>file:/home/niraj/Desktop/NetBeansProjects/JavaApplication/src/javaapplication/Academic.java</file>
            <file>file:/home/niraj/Desktop/NetBeansProjects/JavaApplication/src/javaapplication/Login.java</file>
            <file>file:/home/niraj/Desktop/NetBeansProjects/JavaApplication/src/javaapplication/MyBookings.java</file>
            <file>file:/home/niraj/Desktop/NetBeansProjects/JavaApplication/src/javaapplication/HomePage.java</file>
            <file>file:/home/niraj/Desktop/NetBeansProjects/JavaApplication/src/javaapplication/Explore.java</file>
        </group>
    </open-files>
</project-private>
